{"cameraMode":{"drawMode":0,"name":"Shaded","section":"Shading Mode"},"sceneLighting":true,"audioPlay":false,"sceneViewState":{"showFog":true,"showMaterialUpdate":false,"showSkybox":true,"showFlares":true,"showImageEffects":true,"showParticleSystems":true},"in2DMode":false,"pivot":{"x":2.238398551940918,"y":-0.6034908294677734,"z":-1.2724905014038087},"rotation":{"x":-0.06098994240164757,"y":0.938809335231781,"z":-0.24955229461193086,"w":-0.22944293916225434},"size":12.242812156677246,"orthographic":false}